Date,actual,predicted
2018-02-05,254.259995,257.0972006233205
2018-02-06,265.720001,260.5186923956263
2018-02-07,264.559998,269.72146168523324
2018-02-08,250.100006,253.57172633615886
2018-02-09,249.470001,241.53127670250996
2018-02-12,257.950012,255.29158061178822
2018-02-13,258.269989,258.6149020494668
2018-02-14,266.0,268.23116765455035
2018-02-15,280.269989,276.638707231039
2018-02-16,278.519989,279.19309074748804
2018-02-20,278.549988,283.3820452430986
2018-02-21,281.040009,284.4785870277804
2018-02-22,278.140015,276.9889265367066
2018-02-23,285.929993,282.5559221273949
2018-02-26,294.160004,293.26440899772786
2018-02-27,290.609985,293.9196643993783
2018-02-28,291.380005,293.715885166988
2018-03-01,290.390015,288.00551841291957
2018-03-02,301.049988,296.8810756322117
2018-03-05,315.0,310.5442053488071
2018-03-06,325.220001,323.11571333423757
2018-03-07,321.160004,319.71329017410636
2018-03-08,317.0,316.86614878075585
2018-03-09,331.440002,329.254661664742
2018-03-12,321.299988,322.9896662729496
2018-03-13,315.880005,317.45868543671435
2018-03-14,321.549988,322.97682334467345
2018-03-15,321.089996,319.53077997645244
2018-03-16,318.450012,321.46675087415684
2018-03-19,313.480011,310.33787561519256
2018-03-20,317.5,318.01887035600333
2018-03-21,316.480011,317.4914318468821
2018-03-22,306.700012,308.21140571972717
2018-03-23,300.940002,303.6664682489283
2018-03-26,320.350006,312.80469385522656
2018-03-27,300.690002,302.0515523480195
2018-03-28,285.769989,286.0429689833967
2018-03-29,295.350006,285.416809346113
2018-04-02,280.290009,279.3325478603307
2018-04-03,283.670013,284.4851657335792
2018-04-04,288.940002,285.0586111977862
2018-04-05,293.970001,295.07657530852276
2018-04-06,288.850006,294.37874990392373
2018-04-09,289.929993,296.1233402808865
2018-04-10,298.070007,294.42281060554745
2018-04-11,303.670013,309.8347064049132
2018-04-12,309.25,309.14283305284886
2018-04-13,311.649994,310.7788067319552
2018-04-16,307.779999,307.69532591590604
2018-04-17,336.059998,334.5130430295093
2018-04-18,334.519989,334.7830012417662
2018-04-19,332.700012,330.23896057182
2018-04-20,327.769989,330.93446239742997
2018-04-23,318.690002,321.17174047990494
2018-04-24,307.019989,306.77315772650246
2018-04-25,305.76001,298.6234516364776
2018-04-26,313.980011,311.96140145691646
2018-04-27,311.76001,309.40605266197605
2018-04-30,312.459991,315.8367182692905
2018-05-01,313.299988,310.04584591630396
2018-05-02,313.359985,315.1124720145454
2018-05-03,311.690002,307.23579758581064
2018-05-04,320.089996,317.655408431544
2018-05-07,326.26001,325.5837672756263
2018-05-08,326.890015,324.95506529630217
2018-05-09,330.299988,330.5550410559587
2018-05-10,329.600006,328.83651168390924
2018-05-11,326.459991,327.161676677053
2018-05-14,328.529999,329.84726665521805
2018-05-15,326.130005,324.09566648828473
2018-05-16,328.190002,328.1780234530308
2018-05-17,325.220001,326.40415846109715
2018-05-18,324.179993,324.5363483552757
2018-05-21,331.820007,329.840526009313
2018-05-22,331.619995,334.03726149033577
2018-05-23,344.720001,341.0234006447784
2018-05-24,349.290009,350.18404982208347
2018-05-25,351.290009,353.06576440761694
2018-05-29,349.730011,351.7654962265014
2018-05-30,353.540009,351.48228483251717
2018-05-31,351.600006,352.6973665085456
2018-06-01,359.929993,358.21984760968445
2018-06-04,361.809998,357.5505763024704
2018-06-05,365.799988,367.3677693359388
2018-06-06,367.450012,366.17117462683865
2018-06-07,361.399994,360.2986339020494
2018-06-08,360.570007,360.2602760004257
2018-06-11,361.450012,364.3309428996278
2018-06-12,363.829987,364.4530081907595
2018-06-13,379.929993,378.8295246461182
2018-06-14,392.869995,392.88544891579045
2018-06-15,391.980011,395.4320193373701
2018-06-18,390.399994,391.46693313772425
2018-06-19,404.980011,402.08264303602846
2018-06-20,416.76001,415.3429323112644
2018-06-21,415.440002,411.80361122439996
2018-06-22,411.089996,412.67213821378016
2018-06-25,384.480011,385.70518030831437
2018-06-26,399.390015,399.7670484618281
2018-06-27,390.390015,397.2224276014187
2018-06-28,395.420013,390.9238442547666
2018-06-29,391.429993,394.37855548835347
2018-07-02,398.179993,391.25391028431585
2018-07-03,390.519989,391.91086529242176
2018-07-05,398.390015,396.2410307496304
2018-07-06,408.25,405.06083161627265
2018-07-09,418.970001,415.37134591128705
2018-07-10,415.630005,416.36661958015696
2018-07-11,418.649994,418.04802643286337
2018-07-12,413.5,411.43886057247454
2018-07-13,395.799988,399.3444193104784
2018-07-16,400.480011,398.3687030866003
2018-07-17,379.480011,378.34400820055754
2018-07-18,375.130005,377.20953642731337
2018-07-19,364.230011,369.32049787245205
2018-07-20,361.049988,366.47042731581985
2018-07-23,362.660004,359.0637005887823
2018-07-24,357.320007,357.9539091517549
2018-07-25,362.869995,361.01375340717686
2018-07-26,363.089996,363.01931185915015
2018-07-27,355.209991,354.83627766052757
2018-07-30,334.959991,338.4247865917742
2018-07-31,337.450012,338.00145002468656
2018-08-01,338.380005,341.3654542360793
2018-08-02,344.5,341.51768368348115
2018-08-03,343.089996,340.74500934826847
2018-08-06,350.920013,349.4604590343541
2018-08-07,351.829987,353.43273194799616
2018-08-08,347.609985,348.00622959787825
2018-08-09,349.359985,349.9284756783854
2018-08-10,345.869995,346.82750038904663
2018-08-13,341.309998,345.26913643829266
2018-08-14,337.48999,337.8774488479922
2018-08-15,326.399994,325.06521764437434
2018-08-16,322.440002,324.0083894524185
2018-08-17,316.779999,318.758718015589
2018-08-20,327.730011,325.3114203484706
2018-08-21,338.019989,339.09009004192296
2018-08-22,344.440002,344.1528198650677
2018-08-23,339.170013,341.7071867092662
2018-08-24,358.820007,355.9468201770921
2018-08-27,364.579987,368.2045650764926
2018-08-28,368.48999,364.34595699792686
2018-08-29,368.040009,366.331088307118
2018-08-30,370.980011,373.62786581813504
2018-08-31,367.679993,372.38097775662584
2018-09-04,363.600006,364.57489261264874
2018-09-05,341.179993,343.08400667249356
2018-09-06,346.459991,350.39478514366283
2018-09-07,348.679993,352.3291982163585
2018-09-10,348.410004,345.1323382828804
2018-09-11,355.929993,353.1397064017888
2018-09-12,369.950012,366.12157489641095
2018-09-13,368.149994,370.0490446224707
2018-09-14,364.559998,366.5828719713873
2018-09-17,350.350006,354.6894926062962
2018-09-18,367.649994,363.6450537955707
2018-09-19,366.959991,365.2017390212925
2018-09-20,365.359985,364.88869258786616
2018-09-21,361.190002,366.95646643810375
2018-09-24,369.609985,366.80288333830737
2018-09-25,369.429993,366.84435502294497
2018-09-26,377.880005,378.9106926256477
2018-09-27,380.709991,379.8085157993495
2018-09-28,374.130005,376.4350454277815
2018-10-01,381.429993,384.12635528670904
2018-10-02,377.140015,378.04785596897545
2018-10-03,377.049988,377.815831399385
2018-10-04,363.649994,363.5750853288534
2018-10-05,351.350006,349.4965452611964
2018-10-08,349.100006,346.08815853708893
2018-10-09,355.709991,355.752183880873
2018-10-10,325.890015,332.28193503224225
2018-10-11,321.100006,325.5045835151241
2018-10-12,339.559998,333.13330827245636
2018-10-15,333.130005,330.69821663285023
2018-10-16,346.399994,341.40339446697783
2018-10-17,364.700012,364.07156736038013
2018-10-18,346.709991,351.0869980614536
2018-10-19,332.670013,340.07080170767483
2018-10-22,329.540009,325.79286769233534
2018-10-23,333.160004,332.13674612458504
2018-10-24,301.829987,307.56772141639794
2018-10-25,312.869995,316.25590576453845
2018-10-26,299.829987,305.29000819833465
2018-10-29,284.839996,283.61802777408775
2018-10-30,285.809998,285.08750829718514
2018-10-31,301.779999,307.5122608722145
2018-11-01,317.380005,309.4743853838745
2018-11-02,309.100006,313.8317241185655
2018-11-05,315.440002,310.4911401336581
2018-11-06,310.839996,311.58109096132466
2018-11-07,327.5,324.12970823916567
2018-11-08,317.920013,322.27245133951095
2018-11-09,303.470001,302.5231528339478
2018-11-12,294.070007,294.7794597615987
2018-11-13,294.399994,297.3738806829447
2018-11-14,286.730011,284.0527035633739
2018-11-15,290.059998,288.67407681485435
2018-11-16,286.209991,286.0397267970941
2018-11-19,270.600006,273.3310468091194
2018-11-20,266.980011,268.2167456561964
2018-11-21,262.130005,264.9529235596546
2018-11-23,258.820007,261.64473886123164
2018-11-26,261.429993,260.03249704132725
2018-11-27,266.630005,264.79568693549356
2018-11-28,282.649994,274.781673699778
2018-11-29,288.75,283.9058919245232
2018-11-30,286.130005,286.88364311468115
2018-12-03,290.299988,291.174501801238
2018-12-04,275.329987,283.40334650421534
2018-12-06,282.880005,279.480389730862
2018-12-07,265.140015,268.46024871103333
2018-12-10,269.700012,267.0777388539194
2018-12-11,265.320007,265.49077931207063
2018-12-12,274.880005,278.0816077832777
2018-12-13,276.019989,274.59670612561996
2018-12-14,266.839996,271.1329921756624
2018-12-17,262.799988,267.4319174260913
2018-12-18,270.940002,273.3763213224048
2018-12-19,266.769989,273.9369619492294
2018-12-20,260.579987,259.0635916261402
2018-12-21,246.389999,246.89776709964673
2018-12-24,233.880005,242.00263512504813
2018-12-26,253.669998,248.06730931895936
2018-12-27,255.570007,246.58512609787346
2018-12-28,256.079987,254.7938099634497
2018-12-31,267.660004,268.5426502173179
2019-01-02,267.660004,265.69817570058166
2019-01-03,271.200012,270.700712806382
2019-01-04,297.570007,292.5844310937197
2019-01-07,315.339996,314.35071635133886
2019-01-08,320.269989,311.6029701418461
2019-01-09,319.959991,319.5268428422888
2019-01-10,324.660004,322.06147691865135
2019-01-11,337.589996,338.25381031746446
2019-01-14,332.940002,331.77539086911855
2019-01-15,354.640015,355.0934261031628
2019-01-16,351.390015,354.06130832160784
2019-01-17,353.190002,353.361332283869
2019-01-18,339.100006,342.2557770251144
2019-01-22,325.160004,326.1972053560678
2019-01-23,321.98999,323.8451103513407
2019-01-24,326.670013,328.5776157804145
2019-01-25,338.049988,337.9684230887371
2019-01-28,335.660004,331.7156896997629
2019-01-29,328.899994,331.71856037771005
2019-01-30,340.660004,338.65696454190464
2019-01-31,339.5,343.8221695730252
2019-02-01,339.850006,344.7110879762621
2019-02-04,351.339996,349.34204537457157
2019-02-05,355.809998,358.89024777689013
2019-02-06,352.190002,349.2925362669342
2019-02-07,344.709991,341.6842943652657
2019-02-08,347.570007,346.14929619002106
2019-02-11,345.730011,348.22153125747695
2019-02-12,359.970001,356.60945576464127
2019-02-13,351.769989,354.0373638951938
2019-02-14,359.070007,356.1957735506292
2019-02-15,356.869995,361.2519680744966
2019-02-19,361.920013,362.9640672827409
2019-02-20,359.910004,360.0695953985264
2019-02-21,356.970001,357.4863133758002
2019-02-22,363.019989,365.11378459462514
2019-02-25,363.910004,368.35732937952304
2019-02-26,364.970001,362.3887352517933
2019-02-27,362.869995,364.27763853371573
2019-02-28,358.100006,361.9369391178445
2019-03-01,357.320007,356.79322086814994
2019-03-04,351.040009,352.3377177447466
2019-03-05,354.299988,352.7967198656881
2019-03-06,359.609985,357.2577025892038
2019-03-07,352.600006,354.5086123380477
2019-03-08,349.600006,346.70683004622225
2019-03-11,358.859985,356.0344337620931
2019-03-12,356.269989,355.68953434458234
2019-03-13,361.209991,358.80634503699537
2019-03-14,358.820007,361.4682106159615
2019-03-15,361.459991,362.26076280511785
2019-03-18,363.440002,368.9967978059882
2019-03-19,358.779999,359.3580592839803
2019-03-20,375.220001,370.9890779613732
2019-03-21,377.869995,375.69649263361254
2019-03-22,361.01001,363.5631220702267
2019-03-25,366.230011,364.4867783763615
2019-03-26,359.970001,360.5915901737718
2019-03-27,353.369995,353.76925346339345
2019-03-28,354.609985,351.474409320225
2019-03-29,356.559998,355.4944885489822
2019-04-01,366.959991,366.22373244815566
2019-04-02,367.720001,364.9516961992893
2019-04-03,369.75,370.28252690892367
2019-04-04,367.880005,365.46404574910986
2019-04-05,365.48999,366.30249017245694
2019-04-08,361.410004,361.77852605324955
2019-04-09,364.709991,364.3866318108624
2019-04-10,363.920013,365.5128222569922
2019-04-11,367.649994,365.885412372834
2019-04-12,351.140015,353.3080746051262
2019-04-15,348.869995,345.45504109538416
2019-04-16,359.459991,361.92431643703907
2019-04-17,354.73999,357.2017224123004
2019-04-18,360.350006,356.96910909700256
2019-04-22,377.339996,373.65593601047925
2019-04-23,381.890015,382.80366914831427
2019-04-24,374.230011,375.7064096636538
2019-04-25,368.329987,367.81983485108134
2019-04-26,374.850006,372.1796410766628
2019-04-29,371.829987,370.86955648919786
2019-04-30,370.540009,372.62060496479955
2019-05-01,378.809998,383.15375644673924
2019-05-02,379.059998,379.6857859491148
2019-05-03,385.029999,381.90893828945417
2019-05-06,378.670013,379.5910167270219
2019-05-07,370.459991,370.3064307456357
2019-05-08,364.369995,363.7817305983077
2019-05-09,362.75,356.9653049860107
2019-05-10,361.040009,357.5657317830602
2019-05-13,345.26001,346.6649884109151
2019-05-14,345.609985,344.8332293084892
2019-05-15,354.98999,352.05618707916796
2019-05-16,359.309998,360.6036447431129
2019-05-17,354.450012,357.0435684204496
2019-05-20,348.109985,347.57647502424743
2019-05-21,354.269989,354.55140717834786
2019-05-22,359.730011,367.28220522510975
2019-05-23,352.209991,350.8050361484709
2019-05-24,354.390015,357.4099575140138
2019-05-28,355.059998,359.293476008361
2019-05-29,349.190002,347.7492487607354
2019-05-30,351.850006,351.7417225478792
2019-05-31,343.279999,345.60054165369246
2019-06-03,336.630005,338.00621061262
2019-06-04,353.399994,350.6618620715552
2019-06-05,355.730011,352.62459096802513
2019-06-06,357.130005,355.36735337029086
2019-06-07,360.869995,362.18747242005503
2019-06-10,352.01001,354.69116626834995
2019-06-11,351.269989,351.88689886636365
2019-06-12,345.559998,346.2418388521668
2019-06-13,343.429993,341.9367712352956
2019-06-14,339.730011,338.7348056604745
2019-06-17,350.619995,349.4118181741494
2019-06-18,357.119995,358.9645800418469
2019-06-19,363.519989,359.7459166508953
2019-06-20,365.209991,365.6316689374118
2019-06-21,369.209991,370.5573085119629
2019-06-24,371.040009,374.24711709288766
2019-06-25,360.299988,360.85967273884404
2019-06-26,362.200012,365.8485854593606
2019-06-27,370.019989,369.324454443127
2019-06-28,367.320007,367.08729901321465
2019-07-01,374.600006,375.1065032007437
2019-07-02,375.429993,372.2018277481127
2019-07-03,381.720001,380.33466822040947
2019-07-05,380.549988,378.6919315486231
2019-07-08,376.160004,376.1806231245455
2019-07-09,379.929993,382.7009385654266
2019-07-10,381.0,367.35118169761756
2019-07-11,379.5,382.1802471397228
2019-07-12,373.25,375.1302130776299
2019-07-15,366.600006,365.192025985371
2019-07-16,365.98999,367.2064331637231
2019-07-17,362.440002,363.94344157055383
2019-07-18,325.209991,328.30426086769967
2019-07-19,315.100006,318.8902932290879
2019-07-22,310.619995,310.2273345298301
2019-07-23,307.299988,309.12563712056095
2019-07-24,317.940002,315.8454415026083
2019-07-25,326.459991,324.2178344567593
2019-07-26,335.779999,334.0593994540761
2019-07-29,332.700012,330.6515317604554
2019-07-30,325.929993,324.96756353844137
2019-07-31,322.98999,324.9506137425249
2019-08-01,319.5,323.3355590945833
2019-08-02,318.829987,314.5897732262824
2019-08-05,307.630005,308.1747448234622
2019-08-06,310.100006,307.54697157410817
2019-08-07,304.290009,300.2582438880856
2019-08-08,315.899994,311.71972987528187
2019-08-09,308.929993,309.43645145956424
2019-08-12,310.829987,309.6289460997596
2019-08-13,312.279999,313.7789916095998
2019-08-14,299.109985,300.36760082400906
2019-08-15,295.76001,291.31542601868796
2019-08-16,302.799988,300.6989456703642
2019-08-19,309.380005,309.4508902460341
2019-08-20,298.98999,299.61041846999575
2019-08-21,297.809998,298.37686972470715
2019-08-22,296.929993,295.56918516377215
2019-08-23,291.440002,294.4765784412487
2019-08-26,294.980011,294.515432511828
2019-08-27,291.029999,290.40986890244454
2019-08-28,291.769989,290.75509369078424
2019-08-29,296.779999,298.97902966978916
2019-08-30,293.75,292.4345732833144
2019-09-03,289.290009,290.98863356685933
2019-09-04,291.519989,288.36632017027233
2019-09-05,293.25,290.32333363961766
2019-09-06,290.170013,288.3255450664447
2019-09-09,294.339996,296.90182590862395
2019-09-10,287.98999,289.41723312922335
2019-09-11,288.269989,290.5257359938301
2019-09-12,288.859985,290.62390383565327
2019-09-13,294.149994,295.11419121779807
2019-09-16,294.290009,293.20215197126646
2019-09-17,298.600006,295.99120538493355
2019-09-18,291.559998,289.96558646922097
2019-09-19,286.600006,286.94339274932946
2019-09-20,270.75,271.86736577866014
2019-09-23,265.920013,267.70207121440546
2019-09-24,254.589996,257.00435476725494
2019-09-25,264.75,263.0213015310764
2019-09-26,263.309998,262.8801740609136
2019-09-27,263.079987,262.6993658794306
2019-09-30,267.619995,267.06624524557975
2019-10-01,269.579987,268.78537143461364
2019-10-02,268.029999,267.232852903214
2019-10-03,268.149994,260.038623230923
2019-10-04,272.790009,272.9262111761304
2019-10-07,274.459991,275.3496425746762
2019-10-08,270.720001,273.29969315515194
2019-10-09,267.529999,266.57932566736616
2019-10-10,280.480011,276.8655676815319
2019-10-11,282.929993,285.70025943050945
2019-10-14,285.529999,284.91431443458913
2019-10-15,284.25,282.17249116614477
2019-10-16,286.279999,286.2715328574137
2019-10-17,293.350006,297.38856152504314
2019-10-18,275.299988,278.93437674625187
2019-10-21,278.049988,275.8641323837756
2019-10-22,266.690002,270.71252584481186
2019-10-23,271.269989,271.72169988166434
2019-10-24,271.5,271.1895329781151
2019-10-25,276.820007,275.8275852381917
2019-10-28,281.859985,283.63958687579026
2019-10-29,281.209991,280.34588067043285
2019-10-30,291.450012,290.7703111734195
2019-10-31,287.410004,286.3833212392681
2019-11-01,286.809998,284.5683807789378
2019-11-04,292.859985,293.1937071585119
2019-11-05,288.029999,288.008000848086
2019-11-06,288.589996,288.1539440142563
2019-11-07,289.570007,294.6444621194403
2019-11-08,291.570007,291.9147564675454
2019-11-11,294.179993,294.21235477663544
2019-11-12,292.01001,290.1232085118869
2019-11-13,283.109985,285.0921662809154
2019-11-14,289.619995,289.2146207877118
2019-11-15,295.029999,292.3886930594983
2019-11-18,302.570007,301.08098003487015
2019-11-19,302.600006,301.02535034336313
2019-11-20,305.160004,306.7872243111513
2019-11-21,311.690002,310.1248648761213
2019-11-22,310.480011,307.2926194353252
2019-11-25,315.549988,311.5753854090396
2019-11-26,312.48999,313.73172454493954
2019-11-27,315.929993,315.4008685835133
2019-11-29,314.660004,314.4878580146731
2019-12-02,309.98999,305.804494756946
2019-12-03,306.160004,306.1452953602542
2019-12-04,304.320007,304.27169095103005
2019-12-05,302.859985,300.99541756483814
2019-12-06,307.350006,305.59055907570263
2019-12-09,302.5,306.6954553157001
2019-12-10,293.119995,295.6145082891685
2019-12-11,298.929993,298.3515089937135
2019-12-12,298.440002,298.11012701120956
2019-12-13,298.5,300.16245396145905
2019-12-16,304.209991,302.91922868559027
2019-12-17,315.480011,314.6555383745159
2019-12-18,320.799988,323.4826909448702
2019-12-19,332.220001,331.325374039789
2019-12-20,336.899994,334.39672548880714
2019-12-23,333.100006,332.6659273365781
2019-12-24,333.200012,333.3745779507203
2019-12-26,332.630005,334.0896818928845
2019-12-27,329.089996,328.10292489611976
2019-12-30,323.309998,324.2139811036806
2019-12-31,323.570007,323.70430810331095
2020-01-02,329.809998,328.24883968771627
2020-01-03,325.899994,328.33035386655604
2020-01-06,335.829987,331.81406401673644
2020-01-07,330.75,331.789182610814
2020-01-08,339.26001,340.102865167987
2020-01-09,335.660004,337.16836116303205
2020-01-10,329.049988,330.1329030140022
2020-01-13,338.920013,338.8590108983656
2020-01-14,338.690002,338.20924133255534
2020-01-15,339.070007,340.7209315838136
2020-01-16,338.619995,337.46794674000034
2020-01-17,339.670013,338.9008360246429
2020-01-21,338.109985,335.7685212556782
2020-01-22,326.0,329.73895565495576
2020-01-23,349.600006,344.59064528570417
2020-01-24,353.160004,356.4545976015518
2020-01-27,342.880005,346.8921838117778
2020-01-28,348.519989,348.72950434015826
2020-01-29,343.160004,341.08394090109795
2020-01-30,347.73999,345.2982921239266
2020-01-31,345.089996,342.40599161802743
2020-02-03,358.0,356.27367586263387
2020-02-04,369.01001,363.8919658752748
2020-02-05,369.670013,364.901164880992
2020-02-06,366.950012,365.3999787316647
2020-02-07,366.769989,369.26987593862185
2020-02-10,371.070007,370.70921860199627
2020-02-11,373.690002,374.0564280461704
2020-02-12,380.01001,379.1380502576067
2020-02-13,381.399994,383.324841766417
2020-02-14,380.399994,382.8942444834964
2020-02-18,387.779999,387.387273046945
2020-02-19,386.190002,389.51208665071766
2020-02-20,386.0,380.9005761536124
2020-02-21,380.070007,380.90139618916675
2020-02-24,368.700012,368.23717807375766
2020-02-25,360.089996,363.14688557141994
2020-02-26,379.23999,377.75296331002465
2020-02-27,371.709991,386.77209838762167
2020-02-28,369.029999,368.30664843766294
2020-03-02,381.049988,372.5904328671491
2020-03-03,368.769989,379.5014514887352
2020-03-04,383.790009,376.77912178554163
2020-03-05,372.779999,379.0456753653462
2020-03-06,368.970001,361.912361900102
2020-03-09,346.48999,352.8516314587665
2020-03-10,364.130005,355.85650364022166
2020-03-11,349.920013,350.4300249025295
2020-03-12,315.25,318.0274283045352
2020-03-13,336.299988,315.95386543064603
2020-03-16,298.839996,317.9740105572393
2020-03-17,319.75,305.819257612008
2020-03-18,315.470001,323.1499414072575
2020-03-19,332.029999,336.8358780705442
2020-03-20,332.829987,340.5896796417756
2020-03-23,360.269989,356.7209453305882
2020-03-24,357.320007,358.80541275363754
2020-03-25,342.390015,343.887749848332
2020-03-26,362.98999,357.49070079910217
2020-03-27,357.119995,361.701756539268
2020-03-30,370.959991,373.29873485185385
2020-03-31,375.5,378.8106717732734
2020-04-01,364.079987,366.9739704593616
2020-04-02,370.079987,366.2516154665885
2020-04-03,361.76001,361.99359739978223
2020-04-06,379.959991,374.2400862254231
2020-04-07,372.279999,372.60069321765394
2020-04-08,371.119995,373.1058577811404
2020-04-09,370.720001,365.7476431378695
2020-04-13,396.720001,391.0916980259852
2020-04-14,413.549988,411.5528880834197
2020-04-15,426.75,430.1396569026693
2020-04-16,439.170013,443.43040654713485
2020-04-17,422.959991,419.1612716531525
2020-04-20,437.48999,439.5527945397277
2020-04-21,433.829987,432.4334623856499
2020-04-22,421.420013,420.0256499119863
2020-04-23,426.700012,434.9919086775937
2020-04-24,424.98999,419.7948470923798
2020-04-27,421.380005,425.1789349356108
2020-04-28,403.829987,407.223277288331
2020-04-29,411.890015,407.6266283624315
2020-04-30,419.850006,419.73222749675523
2020-05-01,415.269989,422.7203105112982
2020-05-04,428.149994,424.1848004390826
2020-05-05,424.679993,425.7505053931958
2020-05-06,434.26001,435.4029675285696
2020-05-07,436.529999,433.7630491950218
2020-05-08,435.549988,440.2260102586012
2020-05-11,440.519989,442.7511027496834
2020-05-12,431.820007,435.1326871553161
2020-05-13,438.269989,437.7370086123844
2020-05-14,441.950012,441.1741477232618
2020-05-15,454.190002,449.48747008816093
2020-05-18,452.579987,449.29753820172755
2020-05-19,451.040009,455.716916640722
2020-05-20,447.670013,447.38718486440206
2020-05-21,436.25,434.24860381520256
2020-05-22,429.320007,430.84624759074245
2020-05-26,414.769989,416.698404097641
2020-05-27,419.890015,407.9490245554572
2020-05-28,413.440002,416.8264208463801
2020-05-29,419.730011,415.41875863885514
2020-06-01,425.920013,422.76413215634227
2020-06-02,427.309998,422.1574560132406
2020-06-03,421.970001,420.0167708409106
2020-06-04,414.329987,417.1676028431196
2020-06-05,419.600006,414.9268783424097
2020-06-08,419.48999,412.13187004228115
2020-06-09,434.049988,431.03593924519356
2020-06-10,434.480011,434.7309570121062
2020-06-11,425.559998,438.53386287342477
2020-06-12,418.070007,419.36230955623563
2020-06-15,425.5,420.6444524439834
2020-06-16,436.130005,435.02800501422917
2020-06-17,447.769989,446.8428153417988
2020-06-18,449.869995,447.26798722880574
2020-06-19,453.720001,450.49593808228116
2020-06-22,468.040009,465.2486011568133
2020-06-23,466.26001,471.1929498140542
2020-06-24,457.850006,459.62905502832234
2020-06-25,465.910004,461.3832073750306
2020-06-26,443.399994,447.8020794228139
2020-06-29,447.23999,436.49173760056226
2020-06-30,455.040009,453.67897857561644
2020-07-01,485.640015,480.59318563653824
2020-07-02,476.890015,482.80729515020244
2020-07-06,493.809998,494.89279496091723
2020-07-07,493.160004,498.19594093368863
2020-07-08,502.779999,500.2024548440737
2020-07-09,507.76001,499.6678773828717
2020-07-10,548.72998,541.7873254547198
2020-07-13,525.5,535.3738093196073
2020-07-14,524.880005,502.34064552682975
2020-07-15,523.26001,521.8145600353532
2020-07-16,527.390015,516.982026144982
2020-07-17,492.98999,494.87400092786305
2020-07-20,502.410004,497.7680105268515
2020-07-21,490.100006,492.4623941787075
2020-07-22,489.820007,492.6111919808035
2020-07-23,477.579987,476.3598083114274
2020-07-24,480.450012,482.39090098646875
2020-07-27,495.649994,492.89337895655103
2020-07-28,488.51001,491.1434290535425
2020-07-29,484.480011,488.21475137722007
2020-07-30,485.799988,484.56322054874227
2020-07-31,488.880005,490.74630355815844
2020-08-03,498.619995,500.2771161134055
2020-08-04,509.640015,508.27120607111215
2020-08-05,502.109985,504.07628132637046
2020-08-06,509.079987,505.1455950562423
2020-08-07,494.730011,492.363166935028
2020-08-10,483.380005,484.5381586080059
2020-08-11,466.929993,470.2858904291439
2020-08-12,475.470001,479.4179159560774
2020-08-13,481.329987,481.7914094171018
2020-08-14,482.679993,485.24682152762034
2020-08-17,482.350006,481.87168600797105
2020-08-18,491.869995,491.7843870418194
2020-08-19,484.529999,486.0220094949965
2020-08-20,497.899994,495.37718876168896
2020-08-21,492.309998,492.8543930935946
2020-08-24,488.809998,489.80973945113254
2020-08-25,490.579987,489.5634947738071
2020-08-26,547.530029,536.4158770292465
2020-08-27,526.27002,527.2691424005168
2020-08-28,523.890015,529.4374934128623
2020-08-31,529.559998,526.9786428423029
2020-09-01,556.549988,552.2022339511634
2020-09-02,552.840027,542.7262445467738
2020-09-03,525.75,532.6636340574444
2020-09-04,516.049988,497.33743455821383
2020-09-08,507.019989,513.8721571314104
2020-09-09,500.190002,497.9676551898964
2020-09-10,480.670013,485.4404288728255
2020-09-11,482.029999,484.34620277960795
2020-09-14,476.26001,479.83722514014846
2020-09-15,495.98999,492.7792292566601
2020-09-16,483.859985,489.8975488796289
2020-09-17,470.200012,468.1590323007725
2020-09-18,469.959991,466.6111434747721
2020-09-21,487.350006,482.2222087202917
2020-09-22,491.170013,483.37060292834343
2020-09-23,470.609985,472.7970939129527
2020-09-24,473.079987,473.63461126057126
2020-09-25,482.880005,477.35356641484185
2020-09-28,490.649994,482.38547956650956
2020-09-29,493.480011,492.6403907161808
2020-09-30,500.029999,499.4536734181414
2020-10-01,527.51001,522.5405669431395
2020-10-02,503.059998,512.9790232833823
2020-10-05,520.650024,513.6979507059934
2020-10-06,505.869995,509.2999809117008
2020-10-07,534.659973,530.997736618009
2020-10-08,531.789978,527.5189367779894
2020-10-09,539.440002,541.0577351810236
2020-10-12,539.809998,542.9163915684264
2020-10-13,554.090027,551.3210651017989
2020-10-14,541.450012,552.7809716142508
2020-10-15,541.940002,541.7267664963315
2020-10-16,530.789978,537.423940199554
2020-10-19,530.719971,531.6869353508491
2020-10-20,525.419983,528.6391994093165
2020-10-21,489.049988,496.3995107452403
2020-10-22,485.230011,485.1274268515274
2020-10-23,488.279999,484.53520728724703
2020-10-26,488.23999,488.22257002590453
2020-10-27,488.929993,484.9467777188825
2020-10-28,486.23999,490.268194010078
2020-10-29,504.209991,500.8840436977177
2020-10-30,475.73999,480.40164347861224
2020-11-02,484.119995,481.7755619175842
2020-11-03,487.220001,487.99640786233255
2020-11-04,496.950012,504.17569970424523
2020-11-05,513.76001,513.7887794619737
2020-11-06,514.72998,505.20531405924277
2020-11-09,470.5,478.8174340322978
2020-11-10,480.23999,475.68785280026526
2020-11-11,490.76001,486.1979981073479
2020-11-12,486.769989,486.8271332654121
2020-11-13,482.839996,481.2733761555679
2020-11-16,479.100006,482.4935750929615
2020-11-17,480.630005,485.16037038948195
2020-11-18,481.790009,483.9057054488928
2020-11-19,484.670013,485.5004389843778
2020-11-20,488.23999,489.8796532778874
2020-11-23,476.619995,479.25801027946846
2020-11-24,482.880005,480.80287563006453
2020-11-25,485.0,481.75852802664934
2020-11-27,491.359985,488.04402483810037
2020-11-30,490.700012,485.00143374405525
2020-12-01,504.579987,505.55187265791784
2020-12-02,503.380005,499.1214451057867
2020-12-03,497.519989,501.92414919497975
2020-12-04,498.309998,500.06138245705233
2020-12-07,515.780029,512.0113328743516
2020-12-08,512.659973,510.7411506106682
2020-12-09,493.600006,497.722102005596
2020-12-10,501.089996,500.59011221202684
2020-12-11,503.220001,501.6904107501668
2020-12-14,522.419983,516.5833260182314
2020-12-15,519.780029,519.5576577982404
2020-12-16,524.830017,524.1555977576311
2020-12-17,532.900024,532.3171195358459
2020-12-18,534.450012,530.2228980889975
2020-12-21,528.909973,525.0861606903388
2020-12-22,527.330017,524.0999490585693
2020-12-23,514.47998,517.4655539511716
2020-12-24,513.969971,516.2311705675068
2020-12-28,519.119995,514.4590477444065
2020-12-29,530.869995,529.2291476026296
2020-12-30,524.590027,527.497457603029
2020-12-31,540.72998,539.2195905430126
2021-01-04,522.859985,520.6581770742632
2021-01-05,520.799988,521.2505239844716
2021-01-06,500.48999,502.97696550450115
2021-01-07,508.890015,513.4430734702119
2021-01-08,510.399994,507.54471916670906
2021-01-11,499.100006,502.2101379901107
2021-01-12,494.25,489.41916596305015
2021-01-13,507.790009,506.68097565897824
2021-01-14,500.859985,506.73800610285576
2021-01-15,497.980011,501.38506116058977
2021-01-19,501.769989,502.2458438066955
2021-01-20,586.340027,582.3952723753746
2021-01-21,579.840027,578.4278363084538
2021-01-22,565.169983,569.4996474089667
2021-01-25,556.780029,554.4592642221858
2021-01-26,561.929993,564.927391356551
2021-01-27,523.280029,526.2080877670298
2021-01-28,538.599976,545.2734145501036
2021-01-29,532.390015,534.3402604355572
2021-02-01,539.039978,539.334704623041
2021-02-02,548.159973,550.1478152283321
2021-02-03,539.450012,540.8995640010894
2021-02-04,552.159973,553.3528046849863
2021-02-05,550.789978,548.7241762039212
2021-02-08,547.919983,546.0129606114563
2021-02-09,559.070007,559.0586790426673
2021-02-10,563.590027,558.6659905637941
2021-02-11,557.590027,557.499768928391
2021-02-12,556.52002,555.570540937917
2021-02-16,557.280029,558.7830741183752
2021-02-17,551.340027,547.9544699275682
2021-02-18,548.219971,541.1655356210651
2021-02-19,540.219971,541.548914758615
2021-02-22,533.780029,537.1315593459321
2021-02-23,546.150024,537.4950495698135
2021-02-24,553.409973,552.5579143749924
2021-02-25,546.700012,543.2645283851364
2021-02-26,538.849976,544.8797541504666
2021-03-01,550.640015,548.0995005655691
2021-03-02,547.820007,550.4994532359933
2021-03-03,520.700012,524.2873564498864
2021-03-04,511.290009,517.9264782506079
2021-03-05,516.390015,505.79634842190757
2021-03-08,493.329987,499.91233261796214
2021-03-09,506.440002,509.29875149935134
2021-03-10,504.540009,510.3438040844884
2021-03-11,523.059998,525.1264986423209
2021-03-12,518.02002,518.5707715484139
2021-03-15,520.25,513.1781324601732
2021-03-16,524.030029,530.7247106578391
2021-03-17,524.440002,520.7672771301259
2021-03-18,504.790009,507.50113191316666
2021-03-19,512.179993,508.97479973143135
2021-03-22,523.109985,524.7869405798131
2021-03-23,535.090027,540.2344595709815
2021-03-24,520.809998,523.2236586048919
2021-03-25,502.859985,501.8195197977964
2021-03-26,508.049988,502.59997894750734
2021-03-29,513.950012,514.4026156031653
2021-03-30,513.390015,510.89789136501776
2021-03-31,521.659973,525.4228708286664
2021-04-01,539.419983,536.0599480788342
2021-04-05,540.669983,533.602151156902
2021-04-06,544.530029,551.2194592829173
2021-04-07,546.98999,546.9237662269097
2021-04-08,554.580017,553.2081664235207
2021-04-09,555.309998,551.7425461793241
2021-04-12,552.780029,555.6504715912715
2021-04-13,553.72998,553.9992877770376
2021-04-14,540.02002,541.6504842415886
2021-04-15,549.219971,550.5159868293606
2021-04-16,546.539978,542.8853746082448
2021-04-19,554.440002,553.6464705832186
2021-04-20,549.570007,555.7684202358744
2021-04-21,508.899994,512.3233182147108
2021-04-22,508.779999,503.76878085294584
2021-04-23,505.549988,503.44304920018504
2021-04-26,510.299988,507.0600058931894
2021-04-27,505.549988,506.7110870388717
2021-04-28,506.519989,506.62486836914644
2021-04-29,509.0,502.31302781026505
2021-04-30,513.469971,512.8548593567177
2021-05-03,509.109985,511.68388854513415
2021-05-04,503.179993,500.17599120197946
2021-05-05,496.079987,498.8112094881314
2021-05-06,499.549988,495.35251285119904
2021-05-07,503.839996,505.173021464249
2021-05-10,486.690002,490.0462871018811
2021-05-11,495.079987,493.0451965837371
2021-05-12,484.980011,488.96641259490235
2021-05-13,486.660004,485.4116787964604
2021-05-14,493.369995,492.5402723591962
2021-05-17,488.940002,489.0494619592725
2021-05-18,486.279999,490.80475506096144
2021-05-19,487.700012,484.7440640643233
2021-05-20,501.670013,499.4908939943257
2021-05-21,497.890015,500.43804768501604
2021-05-24,502.899994,502.66532407019787
2021-05-25,501.339996,501.05565555912403
2021-05-26,502.359985,502.6658479141096
2021-05-27,503.859985,502.0969203019793
2021-05-28,502.809998,508.87714367128456
2021-06-01,499.079987,500.2431299372323
2021-06-02,499.23999,499.4568666101673
2021-06-03,489.429993,490.1601684429056
2021-06-04,494.73999,499.03616755378295
2021-06-07,494.660004,494.2739440524341
2021-06-08,492.390015,492.35330877856296
2021-06-09,485.809998,487.8385933836201
2021-06-10,487.269989,485.834340137487
2021-06-11,488.769989,489.7484514240498
2021-06-14,499.890015,498.29703930904236
2021-06-15,491.899994,492.5654728826989
2021-06-16,492.410004,489.2588473293366
2021-06-17,498.339996,499.35650577646766
2021-06-18,500.769989,502.233412950887
2021-06-21,497.0,494.752417236479
2021-06-22,508.820007,508.2213270202055
2021-06-23,512.73999,515.0166290528284
2021-06-24,518.059998,517.8204587391454
2021-06-25,527.070007,529.5764202851649
2021-06-28,533.030029,530.0435875450717
2021-06-29,533.5,531.8110512725987
2021-06-30,528.210022,528.7489321531689
2021-07-01,533.539978,534.776611593838
2021-07-02,533.97998,533.1044085407593
2021-07-06,541.640015,540.9842945717019
2021-07-07,535.960022,534.422967840437
2021-07-08,530.76001,533.4500928256548
2021-07-09,535.97998,534.9730117111408
2021-07-12,537.309998,534.8078685616738
2021-07-13,540.679993,543.5323428400504
2021-07-14,547.950012,551.592349587756
2021-07-15,542.950012,544.0803471973013
2021-07-16,530.309998,531.5613815307518
2021-07-19,532.280029,530.1159392057914
2021-07-20,531.049988,530.0192915569125
2021-07-21,513.630005,513.6653299892305
2021-07-22,511.769989,510.7974299722283
2021-07-23,515.409973,510.34380876344966
2021-07-26,516.48999,515.358345248964
2021-07-27,518.909973,516.4094297821089
2021-07-28,519.299988,520.2362403010206
2021-07-29,514.25,515.808759726976
2021-07-30,517.570007,517.0748672523418
2021-08-02,515.150024,512.9135333722231
2021-08-03,510.820007,508.17572363537545
2021-08-04,517.349976,514.9907517009954
2021-08-05,524.890015,521.2186378689776
2021-08-06,520.549988,522.7136557617832
2021-08-09,519.969971,520.0678949924861
2021-08-10,515.840027,515.1104282511174
2021-08-11,512.400024,513.2270368840359
2021-08-12,510.720001,509.22038857373843
2021-08-13,515.919983,518.7675206442182
2021-08-16,517.919983,519.3158871987443
2021-08-17,518.909973,518.9114041629537
2021-08-18,521.869995,524.1957998671646
2021-08-19,543.710022,542.1419770128507
2021-08-20,546.880005,545.4126548341039
2021-08-23,553.330017,551.837122395304
2021-08-24,553.409973,553.0631623849883
2021-08-25,547.580017,548.7371700603596
2021-08-26,550.119995,551.2939963219287
2021-08-27,558.919983,559.6654528299425
2021-08-30,566.179993,564.6021683164427
2021-08-31,569.190002,565.4421575658666
2021-09-01,582.070007,586.3516388980258
2021-09-02,588.549988,595.9756968375057
2021-09-03,590.530029,588.7944440253884
2021-09-07,606.710022,609.4035403105829
2021-09-08,606.049988,606.6630804887548
2021-09-09,597.539978,600.9948444826484
2021-09-10,598.719971,603.6022763256424
2021-09-13,589.289978,585.8469501559321
2021-09-14,577.76001,579.4943885453117
2021-09-15,582.869995,581.3105865252064
2021-09-16,586.5,581.6919352282098
2021-09-17,589.349976,584.5558506765301
2021-09-20,575.429993,575.1229006662747
2021-09-21,573.140015,573.9950786250661
2021-09-22,590.650024,592.4221598686945
2021-09-23,593.26001,596.4574256236681
2021-09-24,592.390015,585.9758151145058
2021-09-27,592.640015,583.4250783042123
2021-09-28,583.849976,590.1809550386488
2021-09-29,599.059998,604.7632632008658
2021-09-30,610.340027,617.3703005092977
2021-10-01,613.150024,607.3857529751731
2021-10-04,603.349976,607.8420954874234
2021-10-05,634.809998,633.209935911678
2021-10-06,639.099976,636.3332505529577
2021-10-07,631.849976,636.509349826526
2021-10-08,632.659973,639.4004370252198
2021-10-11,627.039978,633.1878866926163
2021-10-12,624.940002,627.9140955345349
2021-10-13,629.76001,624.3629306173341
2021-10-14,633.799988,631.8720727369957
2021-10-15,628.289978,629.0457119436514
2021-10-18,637.969971,627.9604256082966
2021-10-19,639.0,637.3023205676554
2021-10-20,625.140015,628.7443582737947
2021-10-21,653.159973,648.7488615635016
2021-10-22,664.780029,663.1847487136888
2021-10-25,671.659973,668.0675326385619
2021-10-26,668.52002,667.3226450013135
2021-10-27,662.919983,665.5488298823141
2021-10-28,674.049988,673.7434899949158
2021-10-29,690.309998,685.8519038869342
2021-11-01,681.169983,680.0096565206909
2021-11-02,677.719971,679.6123697455416
2021-11-03,688.289978,687.1880271723928
2021-11-04,668.400024,669.6121481587759
2021-11-05,645.719971,650.1170130857938
2021-11-08,651.450012,649.8681220923688
2021-11-09,655.98999,656.8974768558414
2021-11-10,646.909973,649.9679551669478
2021-11-11,657.580017,662.2691164618116
2021-11-12,682.609985,673.0878317857218
2021-11-15,679.330017,676.8369320534341
2021-11-16,687.400024,685.4819644910567
2021-11-17,691.690002,695.7889283665311
2021-11-18,682.02002,682.436966533003
2021-11-19,678.799988,679.782927008212
2021-11-22,659.200012,662.771828353839
2021-11-23,654.059998,654.775813864836
2021-11-24,658.289978,655.460026831747
2021-11-26,665.640015,664.7160562366435
2021-11-29,663.840027,663.4508706821564
2021-11-30,641.900024,650.5615035832438
2021-12-01,617.77002,626.4257545096141
2021-12-02,616.469971,620.5027367372684
2021-12-03,602.130005,601.1709925129026
2021-12-06,612.690002,610.9304286875981
2021-12-07,625.580017,620.2006876086598
2021-12-08,628.080017,626.8003600711907
2021-12-09,611.0,615.6677878242292
2021-12-10,611.659973,608.9723949310776
2021-12-13,604.559998,602.5670727074046
2021-12-14,597.98999,593.1085642193593
2021-12-15,605.039978,592.8340123178809
2021-12-16,591.059998,594.3832966095231
2021-12-17,586.72998,585.2979173799445
2021-12-20,593.73999,597.6140383718034
2021-12-21,604.919983,602.7680760222127
2021-12-22,614.23999,612.0090733678896
2021-12-23,614.090027,609.9019671382002
2021-12-27,613.119995,610.8276814899277
2021-12-28,610.710022,613.750570167829
2021-12-29,610.539978,608.6424053166265
2021-12-30,612.090027,617.8628382538404
2021-12-31,602.440002,606.9479656115107
2022-01-03,597.369995,596.7900344083178
2022-01-04,591.150024,585.5277948830449
2022-01-05,567.52002,571.9877645434437
2022-01-06,553.289978,551.4502218512073
2022-01-07,541.059998,543.5188007880092
2022-01-10,539.849976,532.7488375037367
2022-01-11,540.840027,536.8911398526736
2022-01-12,537.219971,534.5421771988765
2022-01-13,519.200012,524.5347555148182
2022-01-14,525.690002,529.2397782452174
2022-01-18,510.799988,512.3736989384502
2022-01-19,515.859985,518.0222703416794
2022-01-20,508.25,516.6562861441175
2022-01-21,397.5,395.19172778785514
2022-01-24,387.149994,361.7738334399498
2022-01-25,366.420013,375.02647079960303
2022-01-26,359.700012,364.2569172146528
2022-01-27,386.700012,390.56083118792543
2022-01-28,384.359985,375.59243818173974
2022-01-31,427.140015,419.9092005166046
2022-02-01,457.130005,447.9171969542825
2022-02-02,429.480011,433.9490717591536
2022-02-03,405.600006,413.6467977600967
2022-02-04,410.170013,403.0973114162232
