Date;actual;predicted
05.02.2018;254,26;257,0972006
06.02.2018;265,72;260,5186924
07.02.2018;264,56;269,7214617
08.02.2018;250,10;253,5717263
09.02.2018;249,47;241,5312767
12.02.2018;257,95;255,2915806
13.02.2018;258,27;258,614902
14.02.2018;266,00;268,2311677
15.02.2018;280,27;276,6387072
16.02.2018;278,52;279,1930907
20.02.2018;278,55;283,3820452
21.02.2018;281,04;284,478587
22.02.2018;278,14;276,9889265
23.02.2018;285,93;282,5559221
26.02.2018;294,16;293,264409
27.02.2018;290,61;293,9196644
28.02.2018;291,38;293,7158852
01.03.2018;290,39;288,0055184
02.03.2018;301,05;296,8810756
05.03.2018;315,00;310,5442053
06.03.2018;325,22;323,1157133
07.03.2018;321,16;319,7132902
08.03.2018;317,00;316,8661488
09.03.2018;331,44;329,2546617
12.03.2018;321,30;322,9896663
13.03.2018;315,88;317,4586854
14.03.2018;321,55;322,9768233
15.03.2018;321,09;319,53078
16.03.2018;318,45;321,4667509
19.03.2018;313,48;310,3378756
20.03.2018;317,50;318,0188704
21.03.2018;316,48;317,4914318
22.03.2018;306,70;308,2114057
23.03.2018;300,94;303,6664682
26.03.2018;320,35;312,8046939
27.03.2018;300,69;302,0515523
28.03.2018;285,77;286,042969
29.03.2018;295,35;285,4168093
02.04.2018;280,29;279,3325479
03.04.2018;283,67;284,4851657
04.04.2018;288,94;285,0586112
05.04.2018;293,97;295,0765753
06.04.2018;288,85;294,3787499
09.04.2018;289,93;296,1233403
10.04.2018;298,07;294,4228106
11.04.2018;303,67;309,8347064
12.04.2018;309,25;309,1428331
13.04.2018;311,65;310,7788067
16.04.2018;307,78;307,6953259
17.04.2018;336,06;334,513043
18.04.2018;334,52;334,7830012
19.04.2018;332,70;330,2389606
20.04.2018;327,77;330,9344624
23.04.2018;318,69;321,1717405
24.04.2018;307,02;306,7731577
25.04.2018;305,76;298,6234516
26.04.2018;313,98;311,9614015
27.04.2018;311,76;309,4060527
30.04.2018;312,46;315,8367183
01.05.2018;313,30;310,0458459
02.05.2018;313,36;315,112472
03.05.2018;311,69;307,2357976
04.05.2018;320,09;317,6554084
07.05.2018;326,26;325,5837673
08.05.2018;326,89;324,9550653
09.05.2018;330,30;330,5550411
10.05.2018;329,60;328,8365117
11.05.2018;326,46;327,1616767
14.05.2018;328,53;329,8472667
15.05.2018;326,13;324,0956665
16.05.2018;328,19;328,1780235
17.05.2018;325,22;326,4041585
18.05.2018;324,18;324,5363484
21.05.2018;331,82;329,840526
22.05.2018;331,62;334,0372615
23.05.2018;344,72;341,0234006
24.05.2018;349,29;350,1840498
25.05.2018;351,29;353,0657644
29.05.2018;349,73;351,7654962
30.05.2018;353,54;351,4822848
31.05.2018;351,60;352,6973665
01.06.2018;359,93;358,2198476
04.06.2018;361,81;357,5505763
05.06.2018;365,80;367,3677693
06.06.2018;367,45;366,1711746
07.06.2018;361,40;360,2986339
08.06.2018;360,57;360,260276
11.06.2018;361,45;364,3309429
12.06.2018;363,83;364,4530082
13.06.2018;379,93;378,8295246
14.06.2018;392,87;392,8854489
15.06.2018;391,98;395,4320193
18.06.2018;390,40;391,4669331
19.06.2018;404,98;402,082643
20.06.2018;416,76;415,3429323
21.06.2018;415,44;411,8036112
22.06.2018;411,09;412,6721382
25.06.2018;384,48;385,7051803
26.06.2018;399,39;399,7670485
27.06.2018;390,39;397,2224276
28.06.2018;395,42;390,9238443
29.06.2018;391,43;394,3785555
02.07.2018;398,18;391,2539103
03.07.2018;390,52;391,9108653
05.07.2018;398,39;396,2410307
06.07.2018;408,25;405,0608316
09.07.2018;418,97;415,3713459
10.07.2018;415,63;416,3666196
11.07.2018;418,65;418,0480264
12.07.2018;413,50;411,4388606
13.07.2018;395,80;399,3444193
16.07.2018;400,48;398,3687031
17.07.2018;379,48;378,3440082
18.07.2018;375,13;377,2095364
19.07.2018;364,23;369,3204979
20.07.2018;361,05;366,4704273
23.07.2018;362,66;359,0637006
24.07.2018;357,32;357,9539092
25.07.2018;362,87;361,0137534
26.07.2018;363,09;363,0193119
27.07.2018;355,21;354,8362777
30.07.2018;334,96;338,4247866
31.07.2018;337,45;338,00145
01.08.2018;338,38;341,3654542
02.08.2018;344,50;341,5176837
03.08.2018;343,09;340,7450093
06.08.2018;350,92;349,460459
07.08.2018;351,83;353,4327319
08.08.2018;347,61;348,0062296
09.08.2018;349,36;349,9284757
10.08.2018;345,87;346,8275004
13.08.2018;341,31;345,2691364
14.08.2018;337,49;337,8774488
15.08.2018;326,40;325,0652176
16.08.2018;322,44;324,0083895
17.08.2018;316,78;318,758718
20.08.2018;327,73;325,3114203
21.08.2018;338,02;339,09009
22.08.2018;344,44;344,1528199
23.08.2018;339,17;341,7071867
24.08.2018;358,82;355,9468202
27.08.2018;364,58;368,2045651
28.08.2018;368,49;364,345957
29.08.2018;368,04;366,3310883
30.08.2018;370,98;373,6278658
31.08.2018;367,68;372,3809778
04.09.2018;363,60;364,5748926
05.09.2018;341,18;343,0840067
06.09.2018;346,46;350,3947851
07.09.2018;348,68;352,3291982
10.09.2018;348,41;345,1323383
11.09.2018;355,93;353,1397064
12.09.2018;369,95;366,1215749
13.09.2018;368,15;370,0490446
14.09.2018;364,56;366,582872
17.09.2018;350,35;354,6894926
18.09.2018;367,65;363,6450538
19.09.2018;366,96;365,201739
20.09.2018;365,36;364,8886926
21.09.2018;361,19;366,9564664
24.09.2018;369,61;366,8028833
25.09.2018;369,43;366,844355
26.09.2018;377,88;378,9106926
27.09.2018;380,71;379,8085158
28.09.2018;374,13;376,4350454
01.10.2018;381,43;384,1263553
02.10.2018;377,14;378,047856
03.10.2018;377,05;377,8158314
04.10.2018;363,65;363,5750853
05.10.2018;351,35;349,4965453
08.10.2018;349,10;346,0881585
09.10.2018;355,71;355,7521839
10.10.2018;325,89;332,281935
11.10.2018;321,10;325,5045835
12.10.2018;339,56;333,1333083
15.10.2018;333,13;330,6982166
16.10.2018;346,40;341,4033945
17.10.2018;364,70;364,0715674
18.10.2018;346,71;351,0869981
19.10.2018;332,67;340,0708017
22.10.2018;329,54;325,7928677
23.10.2018;333,16;332,1367461
24.10.2018;301,83;307,5677214
25.10.2018;312,87;316,2559058
26.10.2018;299,83;305,2900082
29.10.2018;284,84;283,6180278
30.10.2018;285,81;285,0875083
31.10.2018;301,78;307,5122609
01.11.2018;317,38;309,4743854
02.11.2018;309,10;313,8317241
05.11.2018;315,44;310,4911401
06.11.2018;310,84;311,581091
07.11.2018;327,50;324,1297082
08.11.2018;317,92;322,2724513
09.11.2018;303,47;302,5231528
12.11.2018;294,07;294,7794598
13.11.2018;294,40;297,3738807
14.11.2018;286,73;284,0527036
15.11.2018;290,06;288,6740768
16.11.2018;286,21;286,0397268
19.11.2018;270,60;273,3310468
20.11.2018;266,98;268,2167457
21.11.2018;262,13;264,9529236
23.11.2018;258,82;261,6447389
26.11.2018;261,43;260,032497
27.11.2018;266,63;264,7956869
28.11.2018;282,65;274,7816737
29.11.2018;288,75;283,9058919
30.11.2018;286,13;286,8836431
03.12.2018;290,30;291,1745018
04.12.2018;275,33;283,4033465
06.12.2018;282,88;279,4803897
07.12.2018;265,14;268,4602487
10.12.2018;269,70;267,0777389
11.12.2018;265,32;265,4907793
12.12.2018;274,88;278,0816078
13.12.2018;276,02;274,5967061
14.12.2018;266,84;271,1329922
17.12.2018;262,80;267,4319174
18.12.2018;270,94;273,3763213
19.12.2018;266,77;273,9369619
20.12.2018;260,58;259,0635916
21.12.2018;246,39;246,8977671
24.12.2018;233,88;242,0026351
26.12.2018;253,67;248,0673093
27.12.2018;255,57;246,5851261
28.12.2018;256,08;254,79381
31.12.2018;267,66;268,5426502
02.01.2019;267,66;265,6981757
03.01.2019;271,20;270,7007128
04.01.2019;297,57;292,5844311
07.01.2019;315,34;314,3507164
08.01.2019;320,27;311,6029701
09.01.2019;319,96;319,5268428
10.01.2019;324,66;322,0614769
11.01.2019;337,59;338,2538103
14.01.2019;332,94;331,7753909
15.01.2019;354,64;355,0934261
16.01.2019;351,39;354,0613083
17.01.2019;353,19;353,3613323
18.01.2019;339,10;342,255777
22.01.2019;325,16;326,1972054
23.01.2019;321,99;323,8451104
24.01.2019;326,67;328,5776158
25.01.2019;338,05;337,9684231
28.01.2019;335,66;331,7156897
29.01.2019;328,90;331,7185604
30.01.2019;340,66;338,6569645
31.01.2019;339,50;343,8221696
01.02.2019;339,85;344,711088
04.02.2019;351,34;349,3420454
05.02.2019;355,81;358,8902478
06.02.2019;352,19;349,2925363
07.02.2019;344,71;341,6842944
08.02.2019;347,57;346,1492962
11.02.2019;345,73;348,2215313
12.02.2019;359,97;356,6094558
13.02.2019;351,77;354,0373639
14.02.2019;359,07;356,1957736
15.02.2019;356,87;361,2519681
19.02.2019;361,92;362,9640673
20.02.2019;359,91;360,0695954
21.02.2019;356,97;357,4863134
22.02.2019;363,02;365,1137846
25.02.2019;363,91;368,3573294
26.02.2019;364,97;362,3887353
27.02.2019;362,87;364,2776385
28.02.2019;358,10;361,9369391
01.03.2019;357,32;356,7932209
04.03.2019;351,04;352,3377177
05.03.2019;354,30;352,7967199
06.03.2019;359,61;357,2577026
07.03.2019;352,60;354,5086123
08.03.2019;349,60;346,70683
11.03.2019;358,86;356,0344338
12.03.2019;356,27;355,6895343
13.03.2019;361,21;358,806345
14.03.2019;358,82;361,4682106
15.03.2019;361,46;362,2607628
18.03.2019;363,44;368,9967978
19.03.2019;358,78;359,3580593
20.03.2019;375,22;370,989078
21.03.2019;377,87;375,6964926
22.03.2019;361,01;363,5631221
25.03.2019;366,23;364,4867784
26.03.2019;359,97;360,5915902
27.03.2019;353,37;353,7692535
28.03.2019;354,61;351,4744093
29.03.2019;356,56;355,4944885
01.04.2019;366,96;366,2237324
02.04.2019;367,72;364,9516962
03.04.2019;369,75;370,2825269
04.04.2019;367,88;365,4640457
05.04.2019;365,49;366,3024902
08.04.2019;361,41;361,7785261
09.04.2019;364,71;364,3866318
10.04.2019;363,92;365,5128223
11.04.2019;367,65;365,8854124
12.04.2019;351,14;353,3080746
15.04.2019;348,87;345,4550411
16.04.2019;359,46;361,9243164
17.04.2019;354,74;357,2017224
18.04.2019;360,35;356,9691091
22.04.2019;377,34;373,655936
23.04.2019;381,89;382,8036691
24.04.2019;374,23;375,7064097
25.04.2019;368,33;367,8198349
26.04.2019;374,85;372,1796411
29.04.2019;371,83;370,8695565
30.04.2019;370,54;372,620605
01.05.2019;378,81;383,1537564
02.05.2019;379,06;379,6857859
03.05.2019;385,03;381,9089383
06.05.2019;378,67;379,5910167
07.05.2019;370,46;370,3064307
08.05.2019;364,37;363,7817306
09.05.2019;362,75;356,965305
10.05.2019;361,04;357,5657318
13.05.2019;345,26;346,6649884
14.05.2019;345,61;344,8332293
15.05.2019;354,99;352,0561871
16.05.2019;359,31;360,6036447
17.05.2019;354,45;357,0435684
20.05.2019;348,11;347,576475
21.05.2019;354,27;354,5514072
22.05.2019;359,73;367,2822052
23.05.2019;352,21;350,8050361
24.05.2019;354,39;357,4099575
28.05.2019;355,06;359,293476
29.05.2019;349,19;347,7492488
30.05.2019;351,85;351,7417225
31.05.2019;343,28;345,6005417
03.06.2019;336,63;338,0062106
04.06.2019;353,40;350,6618621
05.06.2019;355,73;352,624591
06.06.2019;357,13;355,3673534
07.06.2019;360,87;362,1874724
10.06.2019;352,01;354,6911663
11.06.2019;351,27;351,8868989
12.06.2019;345,56;346,2418389
13.06.2019;343,43;341,9367712
14.06.2019;339,73;338,7348057
17.06.2019;350,62;349,4118182
18.06.2019;357,12;358,96458
19.06.2019;363,52;359,7459167
20.06.2019;365,21;365,6316689
21.06.2019;369,21;370,5573085
24.06.2019;371,04;374,2471171
25.06.2019;360,30;360,8596727
26.06.2019;362,20;365,8485855
27.06.2019;370,02;369,3244544
28.06.2019;367,32;367,087299
01.07.2019;374,60;375,1065032
02.07.2019;375,43;372,2018277
03.07.2019;381,72;380,3346682
05.07.2019;380,55;378,6919315
08.07.2019;376,16;376,1806231
09.07.2019;379,93;382,7009386
10.07.2019;381,00;367,3511817
11.07.2019;379,50;382,1802471
12.07.2019;373,25;375,1302131
15.07.2019;366,60;365,192026
16.07.2019;365,99;367,2064332
17.07.2019;362,44;363,9434416
18.07.2019;325,21;328,3042609
19.07.2019;315,10;318,8902932
22.07.2019;310,62;310,2273345
23.07.2019;307,30;309,1256371
24.07.2019;317,94;315,8454415
25.07.2019;326,46;324,2178345
26.07.2019;335,78;334,0593995
29.07.2019;332,70;330,6515318
30.07.2019;325,93;324,9675635
31.07.2019;322,99;324,9506137
01.08.2019;319,50;323,3355591
02.08.2019;318,83;314,5897732
05.08.2019;307,63;308,1747448
06.08.2019;310,10;307,5469716
07.08.2019;304,29;300,2582439
08.08.2019;315,90;311,7197299
09.08.2019;308,93;309,4364515
12.08.2019;310,83;309,6289461
13.08.2019;312,28;313,7789916
14.08.2019;299,11;300,3676008
15.08.2019;295,76;291,315426
16.08.2019;302,80;300,6989457
19.08.2019;309,38;309,4508902
20.08.2019;298,99;299,6104185
21.08.2019;297,81;298,3768697
22.08.2019;296,93;295,5691852
23.08.2019;291,44;294,4765784
26.08.2019;294,98;294,5154325
27.08.2019;291,03;290,4098689
28.08.2019;291,77;290,7550937
29.08.2019;296,78;298,9790297
30.08.2019;293,75;292,4345733
03.09.2019;289,29;290,9886336
04.09.2019;291,52;288,3663202
05.09.2019;293,25;290,3233336
06.09.2019;290,17;288,3255451
09.09.2019;294,34;296,9018259
10.09.2019;287,99;289,4172331
11.09.2019;288,27;290,525736
12.09.2019;288,86;290,6239038
13.09.2019;294,15;295,1141912
16.09.2019;294,29;293,202152
17.09.2019;298,60;295,9912054
18.09.2019;291,56;289,9655865
19.09.2019;286,60;286,9433927
20.09.2019;270,75;271,8673658
23.09.2019;265,92;267,7020712
24.09.2019;254,59;257,0043548
25.09.2019;264,75;263,0213015
26.09.2019;263,31;262,8801741
27.09.2019;263,08;262,6993659
30.09.2019;267,62;267,0662452
01.10.2019;269,58;268,7853714
02.10.2019;268,03;267,2328529
03.10.2019;268,15;260,0386232
04.10.2019;272,79;272,9262112
07.10.2019;274,46;275,3496426
08.10.2019;270,72;273,2996932
09.10.2019;267,53;266,5793257
10.10.2019;280,48;276,8655677
11.10.2019;282,93;285,7002594
14.10.2019;285,53;284,9143144
15.10.2019;284,25;282,1724912
16.10.2019;286,28;286,2715329
17.10.2019;293,35;297,3885615
18.10.2019;275,30;278,9343767
21.10.2019;278,05;275,8641324
22.10.2019;266,69;270,7125258
23.10.2019;271,27;271,7216999
24.10.2019;271,50;271,189533
25.10.2019;276,82;275,8275852
28.10.2019;281,86;283,6395869
29.10.2019;281,21;280,3458807
30.10.2019;291,45;290,7703112
31.10.2019;287,41;286,3833212
01.11.2019;286,81;284,5683808
04.11.2019;292,86;293,1937072
05.11.2019;288,03;288,0080008
06.11.2019;288,59;288,153944
07.11.2019;289,57;294,6444621
08.11.2019;291,57;291,9147565
11.11.2019;294,18;294,2123548
12.11.2019;292,01;290,1232085
13.11.2019;283,11;285,0921663
14.11.2019;289,62;289,2146208
15.11.2019;295,03;292,3886931
18.11.2019;302,57;301,08098
19.11.2019;302,60;301,0253503
20.11.2019;305,16;306,7872243
21.11.2019;311,69;310,1248649
22.11.2019;310,48;307,2926194
25.11.2019;315,55;311,5753854
26.11.2019;312,49;313,7317245
27.11.2019;315,93;315,4008686
29.11.2019;314,66;314,487858
02.12.2019;309,99;305,8044948
03.12.2019;306,16;306,1452954
04.12.2019;304,32;304,271691
05.12.2019;302,86;300,9954176
06.12.2019;307,35;305,5905591
09.12.2019;302,50;306,6954553
10.12.2019;293,12;295,6145083
11.12.2019;298,93;298,351509
12.12.2019;298,44;298,110127
13.12.2019;298,50;300,162454
16.12.2019;304,21;302,9192287
17.12.2019;315,48;314,6555384
18.12.2019;320,80;323,4826909
19.12.2019;332,22;331,325374
20.12.2019;336,90;334,3967255
23.12.2019;333,10;332,6659273
24.12.2019;333,20;333,374578
26.12.2019;332,63;334,0896819
27.12.2019;329,09;328,1029249
30.12.2019;323,31;324,2139811
31.12.2019;323,57;323,7043081
02.01.2020;329,81;328,2488397
03.01.2020;325,90;328,3303539
06.01.2020;335,83;331,814064
07.01.2020;330,75;331,7891826
08.01.2020;339,26;340,1028652
09.01.2020;335,66;337,1683612
10.01.2020;329,05;330,132903
13.01.2020;338,92;338,8590109
14.01.2020;338,69;338,2092413
15.01.2020;339,07;340,7209316
16.01.2020;338,62;337,4679467
17.01.2020;339,67;338,900836
21.01.2020;338,11;335,7685213
22.01.2020;326,00;329,7389557
23.01.2020;349,60;344,5906453
24.01.2020;353,16;356,4545976
27.01.2020;342,88;346,8921838
28.01.2020;348,52;348,7295043
29.01.2020;343,16;341,0839409
30.01.2020;347,74;345,2982921
31.01.2020;345,09;342,4059916
03.02.2020;358,00;356,2736759
04.02.2020;369,01;363,8919659
05.02.2020;369,67;364,9011649
06.02.2020;366,95;365,3999787
07.02.2020;366,77;369,2698759
10.02.2020;371,07;370,7092186
11.02.2020;373,69;374,056428
12.02.2020;380,01;379,1380503
13.02.2020;381,40;383,3248418
14.02.2020;380,40;382,8942445
18.02.2020;387,78;387,387273
19.02.2020;386,19;389,5120867
20.02.2020;386,00;380,9005762
21.02.2020;380,07;380,9013962
24.02.2020;368,70;368,2371781
25.02.2020;360,09;363,1468856
26.02.2020;379,24;377,7529633
27.02.2020;371,71;386,7720984
28.02.2020;369,03;368,3066484
02.03.2020;381,05;372,5904329
03.03.2020;368,77;379,5014515
04.03.2020;383,79;376,7791218
05.03.2020;372,78;379,0456754
06.03.2020;368,97;361,9123619
09.03.2020;346,49;352,8516315
10.03.2020;364,13;355,8565036
11.03.2020;349,92;350,4300249
12.03.2020;315,25;318,0274283
13.03.2020;336,30;315,9538654
16.03.2020;298,84;317,9740106
17.03.2020;319,75;305,8192576
18.03.2020;315,47;323,1499414
19.03.2020;332,03;336,8358781
20.03.2020;332,83;340,5896796
23.03.2020;360,27;356,7209453
24.03.2020;357,32;358,8054128
25.03.2020;342,39;343,8877498
26.03.2020;362,99;357,4907008
27.03.2020;357,12;361,7017565
30.03.2020;370,96;373,2987349
31.03.2020;375,50;378,8106718
01.04.2020;364,08;366,9739705
02.04.2020;370,08;366,2516155
03.04.2020;361,76;361,9935974
06.04.2020;379,96;374,2400862
07.04.2020;372,28;372,6006932
08.04.2020;371,12;373,1058578
09.04.2020;370,72;365,7476431
13.04.2020;396,72;391,091698
14.04.2020;413,55;411,5528881
15.04.2020;426,75;430,1396569
16.04.2020;439,17;443,4304065
17.04.2020;422,96;419,1612717
20.04.2020;437,49;439,5527945
21.04.2020;433,83;432,4334624
22.04.2020;421,42;420,0256499
23.04.2020;426,70;434,9919087
24.04.2020;424,99;419,7948471
27.04.2020;421,38;425,1789349
28.04.2020;403,83;407,2232773
29.04.2020;411,89;407,6266284
30.04.2020;419,85;419,7322275
01.05.2020;415,27;422,7203105
04.05.2020;428,15;424,1848004
05.05.2020;424,68;425,7505054
06.05.2020;434,26;435,4029675
07.05.2020;436,53;433,7630492
08.05.2020;435,55;440,2260103
11.05.2020;440,52;442,7511027
12.05.2020;431,82;435,1326872
13.05.2020;438,27;437,7370086
14.05.2020;441,95;441,1741477
15.05.2020;454,19;449,4874701
18.05.2020;452,58;449,2975382
19.05.2020;451,04;455,7169166
20.05.2020;447,67;447,3871849
21.05.2020;436,25;434,2486038
22.05.2020;429,32;430,8462476
26.05.2020;414,77;416,6984041
27.05.2020;419,89;407,9490246
28.05.2020;413,44;416,8264208
29.05.2020;419,73;415,4187586
01.06.2020;425,92;422,7641322
02.06.2020;427,31;422,157456
03.06.2020;421,97;420,0167708
04.06.2020;414,33;417,1676028
05.06.2020;419,60;414,9268783
08.06.2020;419,49;412,13187
09.06.2020;434,05;431,0359392
10.06.2020;434,48;434,730957
11.06.2020;425,56;438,5338629
12.06.2020;418,07;419,3623096
15.06.2020;425,50;420,6444524
16.06.2020;436,13;435,028005
17.06.2020;447,77;446,8428153
18.06.2020;449,87;447,2679872
19.06.2020;453,72;450,4959381
22.06.2020;468,04;465,2486012
23.06.2020;466,26;471,1929498
24.06.2020;457,85;459,629055
25.06.2020;465,91;461,3832074
26.06.2020;443,40;447,8020794
29.06.2020;447,24;436,4917376
30.06.2020;455,04;453,6789786
01.07.2020;485,64;480,5931856
02.07.2020;476,89;482,8072952
06.07.2020;493,81;494,892795
07.07.2020;493,16;498,1959409
08.07.2020;502,78;500,2024548
09.07.2020;507,76;499,6678774
10.07.2020;548,73;541,7873255
13.07.2020;525,50;535,3738093
14.07.2020;524,88;502,3406455
15.07.2020;523,26;521,81456
16.07.2020;527,39;516,9820261
17.07.2020;492,99;494,8740009
20.07.2020;502,41;497,7680105
21.07.2020;490,10;492,4623942
22.07.2020;489,82;492,611192
23.07.2020;477,58;476,3598083
24.07.2020;480,45;482,390901
27.07.2020;495,65;492,893379
28.07.2020;488,51;491,1434291
29.07.2020;484,48;488,2147514
30.07.2020;485,80;484,5632205
31.07.2020;488,88;490,7463036
03.08.2020;498,62;500,2771161
04.08.2020;509,64;508,2712061
05.08.2020;502,11;504,0762813
06.08.2020;509,08;505,1455951
07.08.2020;494,73;492,3631669
10.08.2020;483,38;484,5381586
11.08.2020;466,93;470,2858904
12.08.2020;475,47;479,417916
13.08.2020;481,33;481,7914094
14.08.2020;482,68;485,2468215
17.08.2020;482,35;481,871686
18.08.2020;491,87;491,784387
19.08.2020;484,53;486,0220095
20.08.2020;497,90;495,3771888
21.08.2020;492,31;492,8543931
24.08.2020;488,81;489,8097395
25.08.2020;490,58;489,5634948
26.08.2020;547,53;536,415877
27.08.2020;526,27;527,2691424
28.08.2020;523,89;529,4374934
31.08.2020;529,56;526,9786428
01.09.2020;556,55;552,202234
02.09.2020;552,84;542,7262445
03.09.2020;525,75;532,6636341
04.09.2020;516,05;497,3374346
08.09.2020;507,02;513,8721571
09.09.2020;500,19;497,9676552
10.09.2020;480,67;485,4404289
11.09.2020;482,03;484,3462028
14.09.2020;476,26;479,8372251
15.09.2020;495,99;492,7792293
16.09.2020;483,86;489,8975489
17.09.2020;470,20;468,1590323
18.09.2020;469,96;466,6111435
21.09.2020;487,35;482,2222087
22.09.2020;491,17;483,3706029
23.09.2020;470,61;472,7970939
24.09.2020;473,08;473,6346113
25.09.2020;482,88;477,3535664
28.09.2020;490,65;482,3854796
29.09.2020;493,48;492,6403907
30.09.2020;500,03;499,4536734
01.10.2020;527,51;522,5405669
02.10.2020;503,06;512,9790233
05.10.2020;520,65;513,6979507
06.10.2020;505,87;509,2999809
07.10.2020;534,66;530,9977366
08.10.2020;531,79;527,5189368
09.10.2020;539,44;541,0577352
12.10.2020;539,81;542,9163916
13.10.2020;554,09;551,3210651
14.10.2020;541,45;552,7809716
15.10.2020;541,94;541,7267665
16.10.2020;530,79;537,4239402
19.10.2020;530,72;531,6869354
20.10.2020;525,42;528,6391994
21.10.2020;489,05;496,3995107
22.10.2020;485,23;485,1274269
23.10.2020;488,28;484,5352073
26.10.2020;488,24;488,22257
27.10.2020;488,93;484,9467777
28.10.2020;486,24;490,268194
29.10.2020;504,21;500,8840437
30.10.2020;475,74;480,4016435
02.11.2020;484,12;481,7755619
03.11.2020;487,22;487,9964079
04.11.2020;496,95;504,1756997
05.11.2020;513,76;513,7887795
06.11.2020;514,73;505,2053141
09.11.2020;470,50;478,817434
10.11.2020;480,24;475,6878528
11.11.2020;490,76;486,1979981
12.11.2020;486,77;486,8271333
13.11.2020;482,84;481,2733762
16.11.2020;479,10;482,4935751
17.11.2020;480,63;485,1603704
18.11.2020;481,79;483,9057054
19.11.2020;484,67;485,500439
20.11.2020;488,24;489,8796533
23.11.2020;476,62;479,2580103
24.11.2020;482,88;480,8028756
25.11.2020;485,00;481,758528
27.11.2020;491,36;488,0440248
30.11.2020;490,70;485,0014337
01.12.2020;504,58;505,5518727
02.12.2020;503,38;499,1214451
03.12.2020;497,52;501,9241492
04.12.2020;498,31;500,0613825
07.12.2020;515,78;512,0113329
08.12.2020;512,66;510,7411506
09.12.2020;493,60;497,722102
10.12.2020;501,09;500,5901122
11.12.2020;503,22;501,6904108
14.12.2020;522,42;516,583326
15.12.2020;519,78;519,5576578
16.12.2020;524,83;524,1555978
17.12.2020;532,90;532,3171195
18.12.2020;534,45;530,2228981
21.12.2020;528,91;525,0861607
22.12.2020;527,33;524,0999491
23.12.2020;514,48;517,465554
24.12.2020;513,97;516,2311706
28.12.2020;519,12;514,4590477
29.12.2020;530,87;529,2291476
30.12.2020;524,59;527,4974576
31.12.2020;540,73;539,2195905
04.01.2021;522,86;520,6581771
05.01.2021;520,80;521,250524
06.01.2021;500,49;502,9769655
07.01.2021;508,89;513,4430735
08.01.2021;510,40;507,5447192
11.01.2021;499,10;502,210138
12.01.2021;494,25;489,419166
13.01.2021;507,79;506,6809757
14.01.2021;500,86;506,7380061
15.01.2021;497,98;501,3850612
19.01.2021;501,77;502,2458438
20.01.2021;586,34;582,3952724
21.01.2021;579,84;578,4278363
22.01.2021;565,17;569,4996474
25.01.2021;556,78;554,4592642
26.01.2021;561,93;564,9273914
27.01.2021;523,28;526,2080878
28.01.2021;538,60;545,2734146
29.01.2021;532,39;534,3402604
01.02.2021;539,04;539,3347046
02.02.2021;548,16;550,1478152
03.02.2021;539,45;540,899564
04.02.2021;552,16;553,3528047
05.02.2021;550,79;548,7241762
08.02.2021;547,92;546,0129606
09.02.2021;559,07;559,058679
10.02.2021;563,59;558,6659906
11.02.2021;557,59;557,4997689
12.02.2021;556,52;555,5705409
16.02.2021;557,28;558,7830741
17.02.2021;551,34;547,9544699
18.02.2021;548,22;541,1655356
19.02.2021;540,22;541,5489148
22.02.2021;533,78;537,1315593
23.02.2021;546,15;537,4950496
24.02.2021;553,41;552,5579144
25.02.2021;546,70;543,2645284
26.02.2021;538,85;544,8797542
01.03.2021;550,64;548,0995006
02.03.2021;547,82;550,4994532
03.03.2021;520,70;524,2873564
04.03.2021;511,29;517,9264783
05.03.2021;516,39;505,7963484
08.03.2021;493,33;499,9123326
09.03.2021;506,44;509,2987515
10.03.2021;504,54;510,3438041
11.03.2021;523,06;525,1264986
12.03.2021;518,02;518,5707715
15.03.2021;520,25;513,1781325
16.03.2021;524,03;530,7247107
17.03.2021;524,44;520,7672771
18.03.2021;504,79;507,5011319
19.03.2021;512,18;508,9747997
22.03.2021;523,11;524,7869406
23.03.2021;535,09;540,2344596
24.03.2021;520,81;523,2236586
25.03.2021;502,86;501,8195198
26.03.2021;508,05;502,5999789
29.03.2021;513,95;514,4026156
30.03.2021;513,39;510,8978914
31.03.2021;521,66;525,4228708
01.04.2021;539,42;536,0599481
05.04.2021;540,67;533,6021512
06.04.2021;544,53;551,2194593
07.04.2021;546,99;546,9237662
08.04.2021;554,58;553,2081664
09.04.2021;555,31;551,7425462
12.04.2021;552,78;555,6504716
13.04.2021;553,73;553,9992878
14.04.2021;540,02;541,6504842
15.04.2021;549,22;550,5159868
16.04.2021;546,54;542,8853746
19.04.2021;554,44;553,6464706
20.04.2021;549,57;555,7684202
21.04.2021;508,90;512,3233182
22.04.2021;508,78;503,7687809
23.04.2021;505,55;503,4430492
26.04.2021;510,30;507,0600059
27.04.2021;505,55;506,711087
28.04.2021;506,52;506,6248684
29.04.2021;509,00;502,3130278
30.04.2021;513,47;512,8548594
03.05.2021;509,11;511,6838885
04.05.2021;503,18;500,1759912
05.05.2021;496,08;498,8112095
06.05.2021;499,55;495,3525129
07.05.2021;503,84;505,1730215
10.05.2021;486,69;490,0462871
11.05.2021;495,08;493,0451966
12.05.2021;484,98;488,9664126
13.05.2021;486,66;485,4116788
14.05.2021;493,37;492,5402724
17.05.2021;488,94;489,049462
18.05.2021;486,28;490,8047551
19.05.2021;487,70;484,7440641
20.05.2021;501,67;499,490894
21.05.2021;497,89;500,4380477
24.05.2021;502,90;502,6653241
25.05.2021;501,34;501,0556556
26.05.2021;502,36;502,6658479
27.05.2021;503,86;502,0969203
28.05.2021;502,81;508,8771437
01.06.2021;499,08;500,2431299
02.06.2021;499,24;499,4568666
03.06.2021;489,43;490,1601684
04.06.2021;494,74;499,0361676
07.06.2021;494,66;494,2739441
08.06.2021;492,39;492,3533088
09.06.2021;485,81;487,8385934
10.06.2021;487,27;485,8343401
11.06.2021;488,77;489,7484514
14.06.2021;499,89;498,2970393
15.06.2021;491,90;492,5654729
16.06.2021;492,41;489,2588473
17.06.2021;498,34;499,3565058
18.06.2021;500,77;502,233413
21.06.2021;497,00;494,7524172
22.06.2021;508,82;508,221327
23.06.2021;512,74;515,0166291
24.06.2021;518,06;517,8204587
25.06.2021;527,07;529,5764203
28.06.2021;533,03;530,0435875
29.06.2021;533,50;531,8110513
30.06.2021;528,21;528,7489322
01.07.2021;533,54;534,7766116
02.07.2021;533,98;533,1044085
06.07.2021;541,64;540,9842946
07.07.2021;535,96;534,4229678
08.07.2021;530,76;533,4500928
09.07.2021;535,98;534,9730117
12.07.2021;537,31;534,8078686
13.07.2021;540,68;543,5323428
14.07.2021;547,95;551,5923496
15.07.2021;542,95;544,0803472
16.07.2021;530,31;531,5613815
19.07.2021;532,28;530,1159392
20.07.2021;531,05;530,0192916
21.07.2021;513,63;513,66533
22.07.2021;511,77;510,79743
23.07.2021;515,41;510,3438088
26.07.2021;516,49;515,3583452
27.07.2021;518,91;516,4094298
28.07.2021;519,30;520,2362403
29.07.2021;514,25;515,8087597
30.07.2021;517,57;517,0748673
02.08.2021;515,15;512,9135334
03.08.2021;510,82;508,1757236
04.08.2021;517,35;514,9907517
05.08.2021;524,89;521,2186379
06.08.2021;520,55;522,7136558
09.08.2021;519,97;520,067895
10.08.2021;515,84;515,1104283
11.08.2021;512,40;513,2270369
12.08.2021;510,72;509,2203886
13.08.2021;515,92;518,7675206
16.08.2021;517,92;519,3158872
17.08.2021;518,91;518,9114042
18.08.2021;521,87;524,1957999
19.08.2021;543,71;542,141977
20.08.2021;546,88;545,4126548
23.08.2021;553,33;551,8371224
24.08.2021;553,41;553,0631624
25.08.2021;547,58;548,7371701
26.08.2021;550,12;551,2939963
27.08.2021;558,92;559,6654528
30.08.2021;566,18;564,6021683
31.08.2021;569,19;565,4421576
01.09.2021;582,07;586,3516389
02.09.2021;588,55;595,9756968
03.09.2021;590,53;588,794444
07.09.2021;606,71;609,4035403
08.09.2021;606,05;606,6630805
09.09.2021;597,54;600,9948445
10.09.2021;598,72;603,6022763
13.09.2021;589,29;585,8469502
14.09.2021;577,76;579,4943885
15.09.2021;582,87;581,3105865
16.09.2021;586,50;581,6919352
17.09.2021;589,35;584,5558507
20.09.2021;575,43;575,1229007
21.09.2021;573,14;573,9950786
22.09.2021;590,65;592,4221599
23.09.2021;593,26;596,4574256
24.09.2021;592,39;585,9758151
27.09.2021;592,64;583,4250783
28.09.2021;583,85;590,180955
29.09.2021;599,06;604,7632632
30.09.2021;610,34;617,3703005
01.10.2021;613,15;607,385753
04.10.2021;603,35;607,8420955
05.10.2021;634,81;633,2099359
06.10.2021;639,10;636,3332506
07.10.2021;631,85;636,5093498
08.10.2021;632,66;639,400437
11.10.2021;627,04;633,1878867
12.10.2021;624,94;627,9140955
13.10.2021;629,76;624,3629306
14.10.2021;633,80;631,8720727
15.10.2021;628,29;629,0457119
18.10.2021;637,97;627,9604256
19.10.2021;639,00;637,3023206
20.10.2021;625,14;628,7443583
21.10.2021;653,16;648,7488616
22.10.2021;664,78;663,1847487
25.10.2021;671,66;668,0675326
26.10.2021;668,52;667,322645
27.10.2021;662,92;665,5488299
28.10.2021;674,05;673,74349
29.10.2021;690,31;685,8519039
01.11.2021;681,17;680,0096565
02.11.2021;677,72;679,6123697
03.11.2021;688,29;687,1880272
04.11.2021;668,40;669,6121482
05.11.2021;645,72;650,1170131
08.11.2021;651,45;649,8681221
09.11.2021;655,99;656,8974769
10.11.2021;646,91;649,9679552
11.11.2021;657,58;662,2691165
12.11.2021;682,61;673,0878318
15.11.2021;679,33;676,8369321
16.11.2021;687,40;685,4819645
17.11.2021;691,69;695,7889284
18.11.2021;682,02;682,4369665
19.11.2021;678,80;679,782927
22.11.2021;659,20;662,7718284
23.11.2021;654,06;654,7758139
24.11.2021;658,29;655,4600268
26.11.2021;665,64;664,7160562
29.11.2021;663,84;663,4508707
30.11.2021;641,90;650,5615036
01.12.2021;617,77;626,4257545
02.12.2021;616,47;620,5027367
03.12.2021;602,13;601,1709925
06.12.2021;612,69;610,9304287
07.12.2021;625,58;620,2006876
08.12.2021;628,08;626,8003601
09.12.2021;611,00;615,6677878
10.12.2021;611,66;608,9723949
13.12.2021;604,56;602,5670727
14.12.2021;597,99;593,1085642
15.12.2021;605,04;592,8340123
16.12.2021;591,06;594,3832966
17.12.2021;586,73;585,2979174
20.12.2021;593,74;597,6140384
21.12.2021;604,92;602,768076
22.12.2021;614,24;612,0090734
23.12.2021;614,09;609,9019671
27.12.2021;613,12;610,8276815
28.12.2021;610,71;613,7505702
29.12.2021;610,54;608,6424053
30.12.2021;612,09;617,8628383
31.12.2021;602,44;606,9479656
03.01.2022;597,37;596,7900344
04.01.2022;591,15;585,5277949
05.01.2022;567,52;571,9877645
06.01.2022;553,29;551,4502219
07.01.2022;541,06;543,5188008
10.01.2022;539,85;532,7488375
11.01.2022;540,84;536,8911399
12.01.2022;537,22;534,5421772
13.01.2022;519,20;524,5347555
14.01.2022;525,69;529,2397782
18.01.2022;510,80;512,3736989
19.01.2022;515,86;518,0222703
20.01.2022;508,25;516,6562861
21.01.2022;397,50;395,1917278
24.01.2022;387,15;361,7738334
25.01.2022;366,42;375,0264708
26.01.2022;359,70;364,2569172
27.01.2022;386,70;390,5608312
28.01.2022;384,36;375,5924382
31.01.2022;427,14;419,9092005
01.02.2022;457,13;447,917197
02.02.2022;429,48;433,9490718
03.02.2022;405,60;413,6467978
04.02.2022;410,17;403,0973114
